variant_rsid,variant_coor,drug,gene,effect,level_of_evidence,clinical_guideline,recommendation
rs67376798,1:97082391:T:A,"Fluorouracil, capecitabine and tegafur",DPYD,"Patients with the TT or CT genotype and cancer who are treated with a fluoropyrimidine-based chemotherapy or tagafur, may have increased risk and increased severity of drug toxicity as compared to patients with the CC genotype.",level 1A,DPWG,"Determine DPD activity. For patients with a DPD activity score of 0, an alternative drug is recommended. For patients with a score of 1 or 1.5, start with 50% of the standard dose or use an alternative drug. Adjust subsequent doses based on toxicity. Avoid tegafur or start with a low dose and adjust the initial dose based on toxicity and efficacy."
rs55886062,1:97515787:A:C,"Fluorouracil, capecitabine and tegafur",DPYD,"Patients with the TT or CT genotype and cancer who are treated with a fluoropyrimidine-based chemotherapy or tagafur, may have increased risk and increased severity of drug toxicity as compared to patients with the CC genotype.",level 1A,DPWG,"Determine DPD activity. For patients with a DPD activity score of 0, an alternative drug is recommended. For patients with a score of 1 or 1.5, start with 50% of the standard dose or use an alternative drug. Adjust subsequent doses based on toxicity. Avoid tegafur or start with a low dose and adjust the initial dose based on toxicity and efficacy."
rs17376848,1:97450068:A:G,Fluorouracil and capecitabine,DPYD,"Patients with the GG or AG genotype and cancer who are treated with a fluoropyrimidine-based chemotherapy, may not have altered risk of drug toxicity as compared to patients with the AA genotype.",level 1A,DPWG,"Determine DPD activity. For patients with a DPD activity score of 0, an alternative drug is recommended. For patients with a score of 1 or 1.5, start with 50% of the standard dose or use an alternative drug. Adjust subsequent doses based on toxicity."
rs1801160,1:97305364:C:T,Fluorouracil and capecitabine,DPYD,"Patients with the TT or CT genotype and cancer who are treated with fluorouracil, a fluoropyrimidine-based chemotherapy, may not have altered risk of drug toxicity as compared to patients with the  CC genotype.",level 1A,DPWG,"Determine DPD activity. For patients with a DPD activity score of 0, an alternative drug is recommended. For patients with a score of 1 or 1.5, start with 50% of the standard dose or use an alternative drug. Adjust subsequent doses based on toxicity."
rs75017182,1:97579893:G:C,Fluorouracil and capecitabine,DPYD,"Patients with the CC or GC genotype and cancer who are treated with a fluoropyrimidine-based chemotherapy, may have an increased risk of drug toxicity as compared to patients with the GG genotype.",level 1A,DPWG,"Determine DPD activity. For patients with a DPD activity score of 0, an alternative drug is recommended. For patients with a score of 1 or 1.5, start with 50% of the standard dose or use an alternative drug. Adjust subsequent doses based on toxicity."
rs3918290,1:97450058:C:T,"Fluorouracil, capecitabine and tegafur",DPYD,"Patients with the TT or CT genotype and cancer who are treated with a fluoropyrimidine-based chemotherapy or tagafur, may have increased risk and increased severity of drug toxicity as compared to patients with the CC genotype.",level 1A,DPWG,"Determine DPD activity. For patients with a DPD activity score of 0, an alternative drug is recommended. For patients with a score of 1 or 1.5, start with 50% of the standard dose or use an alternative drug. Adjust subsequent doses based on toxicity. Avoid tegafur or start with a low dose and adjust the initial dose based on toxicity and efficacy."
rs7853758,9:84286011:G:A,Daunorubicin and doxorubicin,SLC28A3,"Pediatric patients with neoplasms who carry the AG genotype may have an increased likelihood of anthracycline‑induced cardiotoxicity compared with those carrying the AA genotype. Patients with the GG genotype may be at an even higher risk than those with the AG genotype.",level 2A,No clinicial guideline available,"No clinical recommendation available. See the next reference: Siemens, Angela MSc; Rassekh, Shahrad Rod MD; Ross, Colin J. D. PhD; Carleton, Bruce C. PharmD. Development of a Dose-Adjusted Polygenic Risk Model for Anthracycline-Induced Cardiotoxicity. Therapeutic Drug Monitoring 45(3):p 337-344, June 2023. | DOI: 10.1097/FTD.0000000000001077."
rs2297595,1:97699535:T:C,Fluorouracil and capecitabine,DPYD,"Patients with the CC or TC genotype and cancer who are treated with a fluoropyrimidine-based chemotherapy, may not have altered risk of drug toxicity as compared to patients with the TT genotype. However, conflicting evidence has been reported.",level 1A,CPIC,"SNP not associated with increased risk of toxicity"
rs1801265,1:97883329:A:G,Fluorouracil and capecitbane,DPYD,"Patients with the AA or AG genotype and cancer who are treated with a fluoropyrimidine-based chemotherapy, may not have altered risk of drug toxicity as compared to patients with the GG genotype. However, conflicting evidence has been reported. Other genetic and clinical factors may also influence risk of drug toxicity.",level 1A,CPIC,"SNP not associated with increased risk of toxicity"
rs1801159,1:97515839:T:C,Fluorouracil and capecitbane,DPYD,"Patients with the CC or TC genotype and cancer who are treated with a fluoropyrimidine-based chemotherapy, may have increased risk and increased severity of drug toxicity as compared to patients with the TT genotype.",level 1A,CPIC,"SNP not associated with increased risk of toxicity"
rs56038477,1:97573863:C:T,Fluorouracil and capecitbane,DPYD,"Patients with the TT or CT genotype and cancer who are treated with a fluoropyrimidine-based chemotherapy, may have increased risk and increased severity of drug toxicity as compared to patients with the CC genotype.",level 1A,DPWG,"Determine DPD activity. For patients with a DPD activity score of 0, an alternative drug is recommended. For patients with a score of 1 or 1.5, start with 50% of the standard dose or use an alternative drug. Adjust subsequent doses based on toxicity."
rs1801158,1:97515865:C:T,Fluorouracil and capecitbane,DPYD,"Patients with the TT or CT genotype and cancer who are treated with a fluoropyrimidine-based chemotherapy, may not have altered risk of drug toxicity as compared to patients with the CC genotype.",level 1A,CPIC,"SNP not associated with increased risk of toxicity"
rs121434568,7:55191822:T:G,gefitinib,EGFR,"Patients with the GG or TG genotype, may have an increased response to gefitinib, as compared to patients who do not have an activating EGFR mutation, for example the TT genotype.",level 1A,FDA drug label,"Consider as first-line therapy in a Non-Small Cell Lung Carcinoma"
rs121434569,7:55181378:C:T,erlotinib and gefitinib,EGFR,"Patients with the TT or CT genotype,  may have increased likelihood of acquired resistance to erlotinib as compared to patients with the CC genotype.",level 2B,No clinicial guideline available,"No clinical recommendation available. Low level of evidence"
rs10929302,2:233757136:G:A,Irinotecan,UGT1A1,"Patients with the AA genotype may have increased risk of neutropenia when treated with irinotecan as compared to patients with the GG or GA genotype.",level 2A,No clinicial guideline available,"No clinical recommendation available. See the next reference: Côté, J.-F., Kirzin, S., Kramar, A., Mosnier, J.-F., Diebold, M.-D., Soubeyran, I., Thirouard, A.-S., Selves, J., Laurent-Puig, P., & Ychou, M. (2007). UGT1A1 polymorphism can predict hematologic toxicity in patients treated with irinotecan. Clinical Cancer Research, 13(11), 3269–3275. https://doi.org/10.1158/1078-0432.CCR-06-2290 "
rs116855232,13:48045719:C:T,mercaptopurine,NUDT15,"Patients with the TT or CT genotype may have decreased dose of mercaptopurine as compared to patients with the CC genotype",level 1A,CPIC,"Consider an alternate drug or extreme dose reduction of mercaptopurine for patients who are TPMT or NUDT15 poor metabolizers. Start at 30-80% of target dose for patients who are intermediate metabolizers of either TPMT or NUDT15 and start at 20-50% of target dose for a intermediate metabolizers of both TPMT and NUDT15."
